,COUNT,VALUE,CAPVAL1,CAPPED1,CAPVAL1_PY,CAPPED1_PY,CAPVAL2,CAPPED2,CAPVAL2_PY,CAPPED2_PY,CAPVAL3,CAPPED3,CAPVAL3_PY,CAPPED3_PY,CAPVAL4,CAPPED4,CAPVAL4_PY,CAPPED4_PY,CAPVAL5,CAPPED5,CAPVAL5_PY,CAPPED5_PY,CAPVAL6,CAPPED6,CAPVAL6_PY,CAPPED6_PY,AvgSin,AvgSin_PY,PROP_12,PROP_12_PY,Num_Data,Num_Data_PY
0,6606,88.405,79.37804,1,85.2834241047619,1,88.405,0,88.404999,0,88.405,0,88.404999,0,88.405,0,88.404999,0,88.405,0,88.404999,0,88.405,0,88.404999,0,24.8056,0,0.476,0,21,0
1,8060,89.2,89.2,0,86.53780732380952,1,89.2,0,85.8722599047619,1,89.2,0,89.199997,0,89.2,0,89.199997,0,89.2,0,89.199997,0,89.2,0,89.199997,0,53.9795,0,0.182,0,21,0
2,8061,102.7,97.08445,1,99.9735216095238,1,102.7,0,99.29190276190475,1,102.7,0,98.61028391428572,1,102.7,0,102.699997,0,102.7,0,102.699997,0,102.7,0,102.699997,0,30.3389,0,0.138,0,21,0
3,8077,99.15,99.15,0,95.92906547619047,1,99.15,0,99.150002,0,99.15,0,99.150002,0,99.15,0,99.150002,0,99.15,0,99.150002,0,99.15,0,99.150002,0,33.0471,0,0.875,0,21,0
4,8078,95.08333,95.08333,0,92.02845501904761,1,95.08333,0,95.083328,0,95.08333,0,95.083328,0,95.08333,0,95.083328,0,95.08333,0,95.083328,0,95.08333,0,95.083328,0,33.0471,0,0.778,0,21,0
